,MonthlyIncome,UPBatAcquisition,LTVRatio,BorrowerCount,InterestRate,OriginationValue,HousingExpenseToIncome,TotalDebtToIncome,B1CreditScore,B2CreditScore
0,7505.566268371681,261859.9402744202,75.96239893550982,1.9968003675273636,3.60010159586073,262126.82704457847,25.435643807030406,35.31119819187383,4.680289947283044,4.513649257797151
1,6807.3599452166945,133585.2445253849,72.13455590288285,1.0143174832896387,3.176148280579907,133699.76430602788,17.429254822507335,21.787902137746695,4.467046458673778,9.050996717033659
2,8400.18547164436,179969.43579002706,81.53501099321447,2.042993879347284,3.5892436220333597,180103.61710017826,16.864079555450832,28.226512816424677,3.35250368978357,3.894141654187738
3,11431.944146610744,207523.3829108789,76.02360316007552,1.9867039647867366,3.1198133599275284,207679.1717303522,12.70006865695336,18.368570069055373,4.801394947241139,4.643697288030923
4,4142.896812078683,190744.22688289164,77.52992396331419,0.9953950961458857,3.714222513574912,190954.5913577904,27.19971811793575,36.045972664697445,3.9988323017368352,8.951953975560064
5,8598.457754770352,129086.71337840523,47.396245718621955,1.9660546828113696,2.9285763600846915,129182.03017661013,15.673738033389466,21.010162963310385,4.7781223192713425,4.773483857702869
6,16711.73541508773,431442.90523958416,74.53960636788412,2.0053045024310117,3.4633476251686868,431792.4487185726,18.867241358716097,26.465247789856736,4.5637675813686105,4.546509319510204
7,13011.773121400587,392954.1340683418,75.78168161167723,1.019365972542516,3.535039773862595,393295.19674378645,23.77433795564141,29.70782125625356,4.408080201558151,9.068846990544511
