,MonthlyIncome,UPBatAcquisition,LTVRatio,BorrowerCount,InterestRate,OriginationValue,HousingExpenseToIncome,TotalDebtToIncome,B1CreditScore,B2CreditScore
0,8634.173428283908,130213.01502163986,47.51186702817632,1.969144635515033,2.92767913994064,130308.97316014375,15.6705368211999,21.01449140083734,4.77676580839062,4.758781737980259
1,16936.285628114798,431304.6744989024,74.3520588699628,1.9998894264674143,3.450884706656104,431651.9300395703,18.39350559844937,25.818414478621005,4.570594571779601,4.576839027064516
2,12795.976962007388,391081.22315652634,75.92171589063767,1.018767196250866,3.5418756918821157,391422.3665415223,24.078897571746555,30.111372362478377,4.405278572653419,9.068069890179503
3,4114.417777955349,187761.58440289256,77.66269501207738,0.994924398678976,3.7117853121848543,187968.58627613063,27.020011199629288,35.864939571405486,3.9840937757702717,8.949067970816376
4,6861.234292719746,134211.97698926262,71.85811559796353,1.0149764989068073,3.1704975998785967,134326.94785635098,17.386943987136974,21.67966322681957,4.483353360422804,9.054121640809326
5,7656.03596552202,269001.0286154029,75.91070260305753,1.9964841035336838,3.598474038718225,269273.38473212154,25.662440845860225,35.550955489291695,4.678026962393405,4.51647824777694
6,11283.421450684455,205455.334346902,76.29975545817905,1.9874377302866877,3.1255975838537506,205610.39984701484,12.832469899550766,18.57207926255296,4.797436486706697,4.6367065938150835
7,8337.043518279344,180432.90538490706,81.43800023534757,2.0431939211173322,3.6073817574274547,180569.72624150725,17.053576391982162,28.494424026281084,3.3604728835244444,3.894819900756369
