,MonthlyIncome,UPBatAcquisition,LTVRatio,BorrowerCount,InterestRate,OriginationValue,HousingExpenseToIncome,TotalDebtToIncome,B1CreditScore,B2CreditScore
0,4131.044676100511,188136.66893544313,77.74376378527118,0.994821903228585,3.7125936002480118,188343.8997049594,27.00526775975629,35.85231577876925,3.982748688969654,8.949122041109735
1,11486.62919520153,210105.5208345062,76.21856394653743,1.9864452340258316,3.1280129449103846,210264.0534507978,12.764019355648447,18.459021955343466,4.804215687853015,4.645787692410957
2,6848.19436937934,134005.773791319,71.74287646779837,1.0150096287550625,3.169473774642468,134120.66993279324,17.410303918358405,21.698841074101374,4.4854099745767,9.054734601390448
3,8357.00029082962,178671.46477711477,81.5158192530388,2.0427623301254463,3.5882017859233026,178805.15910972666,16.857322229360708,28.19061705998586,3.366903001481327,3.899080733281693
4,8630.632722466822,129638.3620902123,48.03747858433002,1.9711033048351247,2.925791528576509,129733.52885046905,15.577419929338982,20.913079947220613,4.778692730118652,4.748909665159983
5,16832.301486491015,433890.97252483293,74.46082510512599,2.0029589164895194,3.46386196583362,434241.9441693964,18.806582629581925,26.381292161422905,4.559925649278481,4.5578512703366325
6,12861.21163797427,391806.37634915113,75.8590352058334,1.0189751265097393,3.539643010162875,392147.6572004751,24.000861090995745,30.003592084854812,4.406686312501875,9.068405765826252
7,7551.339812900213,264341.5242136629,75.9033758636441,1.9967927255513767,3.6005157084012853,264610.2705847143,25.53363876908457,35.43015232947833,4.674533052027819,4.512686386748399
