,MonthlyIncome,UPBatAcquisition,LTVRatio,BorrowerCount,InterestRate,OriginationValue,HousingExpenseToIncome,TotalDebtToIncome,B1CreditScore,B2CreditScore
0,13029.535485542516,392832.66899895587,75.77082294968821,1.0194280025077014,3.533671411698644,393173.41948129155,23.72779323862331,29.64640958902796,4.408784073347661,9.068993919470463
1,16758.606475919558,431933.03640458547,74.52718462696907,2.005370050439832,3.4617970999104366,432282.57609991514,18.80558773223843,26.385525308730433,4.562914504270667,4.5465070847007345
2,11424.134668314608,207806.51659579348,76.04992156616441,1.9866471109594928,3.121658677607978,207962.8078643533,12.736269913335473,18.414743230403005,4.802700523403393,4.644185706354541
3,4141.917259007406,191405.51750011957,77.47918057618723,0.9955442830117793,3.715915236726648,191616.79520974538,27.25791627958974,36.11061197860885,4.002621225833766,8.952492844357447
4,6788.397642459841,133410.07480184262,72.21965209996605,1.014100669410363,3.17796563783391,133524.47546359582,17.448751807938486,21.830192558591545,4.461501000712332,9.049918789372871
5,8381.591025947357,179515.2186577224,81.51208584030084,2.0427552962140867,3.589095052407769,179649.26662363159,16.87096724399133,28.22543780904032,3.357271585750617,3.896525626022419
6,8597.278437952062,129114.85807972458,47.44721604169537,1.9656064082162996,2.9282384755911277,129210.16897746173,15.67277615618567,21.007111523633345,4.778244869454687,4.775491903702909
7,7537.9417977731855,263379.18316086376,75.96188455825917,1.9969096156545123,3.6018754936162116,263647.3242987832,25.483508738729412,35.37363120599428,4.6777202473757225,4.51273806456278
