,MonthlyIncome,UPBatAcquisition,LTVRatio,BorrowerCount,InterestRate,OriginationValue,HousingExpenseToIncome,TotalDebtToIncome,B1CreditScore,B2CreditScore
0,6861.288384310783,134213.67626590037,71.85396916724169,1.014974474438902,3.1704601978457907,134328.65430561785,17.387355192231603,21.679515077914395,4.483562686525331,9.054204764971718
1,16932.89977652981,431556.6701731349,74.36976854412032,2.000111913317083,3.4518375380168966,431904.2407709544,18.4184762755233,25.852350387742977,4.570251939771602,4.575612178141638
2,12798.239261942526,391099.2061232213,75.91527750199087,1.0187695281370335,3.541844322076054,391440.3460202328,24.07614663713703,30.108033059558252,4.405135441428382,9.068056117427389
3,11299.556581194372,205832.91554346733,76.28468123839788,1.987356335645118,3.1254139164632404,205988.24211466426,12.828333021193409,18.562911486912647,4.798125609533696,4.637513533970182
4,4114.2101075081755,187744.36100738175,77.6658317054794,0.9949188551997223,3.711748367056951,187951.34010653198,27.018802359378885,35.863708297219176,3.9839823411850634,8.949051050813159
5,7649.846117823788,268712.5937031016,75.90616344153526,1.99648918409002,3.5985973119214725,268984.729873408,25.654272786605333,35.542863317043405,4.677926963020612,4.516356527873926
6,8632.177181995587,130122.25632735934,47.54497701594242,1.969186761198455,2.9278152934855934,130218.13699781225,15.664481055055864,21.009180438066117,4.776623450871507,4.75843563277499
7,8338.995408704863,180328.89688580006,81.4466643549217,2.043132677135489,3.6061154752422997,180465.52627090688,17.0398137593174,28.472816654564323,3.3611441661892973,3.895326430714057
