,MonthlyIncome,UPBatAcquisition,LTVRatio,BorrowerCount,InterestRate,OriginationValue,HousingExpenseToIncome,TotalDebtToIncome,B1CreditScore,B2CreditScore
0,12943.00401073117,392620.14366049285,75.79945939453714,1.0192095073813634,3.5367190629411236,392961.4615246429,23.893779439862612,29.859302334934586,4.407624508342345,9.068656279556926
1,8376.43383082103,178372.4110096612,81.52634376972036,2.0427505482040242,3.5813559074069365,178505.07438526876,16.78836186665304,28.09037591270347,3.365092877493381,3.8988952965473356
2,4142.296043818717,189335.7326297109,77.67917383039126,0.9950237574509115,3.7140052688158223,189544.35707097332,27.079381553647295,35.92846361903256,3.9887155786256683,8.950251507919543
3,11520.426398133648,210583.84308334882,76.11683863790503,1.9862027934336512,3.1255450170378087,210742.52435558787,12.737739798366622,18.409330102765658,4.806687911952865,4.648316775052836
4,6827.813953349847,133806.49381913274,71.87392189233074,1.0147579819657886,3.1718160392144856,133921.24706463213,17.426533630295957,21.74194562825418,4.478832799906467,9.053376073765659
5,8610.677570398639,129156.86767218086,47.9479496527794,1.969877259399787,2.926236625066266,129251.77743109589,15.593063936354854,20.929891461828532,4.778358593392268,4.754526174044653
6,16767.338228539033,433663.53631367686,74.49459452246926,2.0048705511778864,3.4662885709670386,434014.83368700044,18.92480265238424,26.543649348067877,4.5580202641094445,4.547543906354489
7,7516.379501821184,262576.56855918653,75.94296570276614,1.997006203055609,3.6035222591876637,262844.08197231387,25.471810680175953,35.37724784390864,4.673191076190547,4.51069228964795
