,MonthlyIncome,UPBatAcquisition,LTVRatio,BorrowerCount,InterestRate,OriginationValue,HousingExpenseToIncome,TotalDebtToIncome,B1CreditScore,B2CreditScore
0,8335.61130540144,180430.14117959165,81.43630662484048,2.0431768654297526,3.607850248663591,180567.01367877657,17.056853966607402,28.49947185237401,3.360642833042078,3.8949300333801617
1,8634.211882586427,130260.5010884019,47.51212839664228,1.9691540126644171,2.92759923827303,130356.49389484942,15.67397834953105,21.018362554900015,4.776690403788602,4.758719162805954
2,6865.049417312532,134262.84922067466,71.84473188918665,1.0150187953139445,3.1700847401276295,134377.84538906557,17.383799492110054,21.67239712069128,4.484244048581799,9.05427051602268
3,16946.791751946064,431337.81157372636,74.33850435634135,1.9995398932017283,3.450127098231305,431684.98279000947,18.374747131677267,25.79119373588641,4.570857396318149,4.578708151785802
4,12786.550757231202,390999.2233693836,75.92323072735869,1.018729432264808,3.5424671514583865,391340.3920329361,24.09286562759658,30.130810004954682,4.405056971890389,9.068065634475625
5,11278.625869597236,205387.49816585923,76.30951699295996,1.9874306469855652,3.1257881392552584,205542.54245829317,12.836571895645545,18.57820241588359,4.797393364251586,4.636647906464325
6,7664.013112741929,269270.41920464975,75.91641151151649,1.9965021308343385,3.5986839545379263,269542.9788978963,25.665501293627607,35.55491470126022,4.6777509995980155,4.516387296404707
7,4112.609027016588,187591.15994285565,77.6725873986652,0.9949016070726858,3.7114714319691595,187797.96792585065,27.009743785293836,35.85342132644216,3.9835891805283516,8.94898064511176
