,MonthlyIncome,UPBatAcquisition,LTVRatio,BorrowerCount,InterestRate,OriginationValue,HousingExpenseToIncome,TotalDebtToIncome,B1CreditScore,B2CreditScore
0,7631.390661877227,268123.4735108269,75.8865580865064,1.9966728186745255,3.600223084804291,268395.2190829235,25.65206229726068,35.553852637608685,4.675086418432979,4.51445010534249
1,16923.086990248758,432091.7344996007,74.37652926571215,2.0004435515121086,3.454316595557868,432439.97831153916,18.480759718004084,25.9393094575807,4.5678040670673195,4.573191465273791
2,12803.130803872678,391123.59993926017,75.90850394379645,1.018779521621181,3.541433452083142,391464.69021295215,24.068127072093553,30.097334290330394,4.40487801102419,9.068007979556635
3,6857.603632591673,134181.25280971025,71.81831208056569,1.0150101372557527,3.169908596181307,134296.2278018721,17.39603910034423,21.68570857359797,4.4845428808029775,9.054387856696394
4,4116.4681442870215,187722.6476921527,77.69383267406344,0.9948855857362491,3.7122307771917207,187929.59251837234,27.00979047039844,35.856597749284674,3.983186973323337,8.94891453047299
5,8340.826522268491,179756.20374162743,81.47894840443374,2.04310547918327,3.600941159390828,179891.98277050984,16.985643140362274,28.386737269137264,3.3646931628052448,3.8965310040901646
6,8632.96728830255,129978.34263525353,47.683368025906574,1.9696803627142445,2.9268658551826743,130073.9597355082,15.636634308504505,20.977674640841844,4.776737178490421,4.755849716397687
7,11339.309612109393,206960.4710352278,76.28677050714616,1.9870097459339497,3.126680888052519,207116.78572371218,12.829910900655353,18.557655957069073,4.80080245214339,4.640356352925301
