,MonthlyIncome,UPBatAcquisition,LTVRatio,BorrowerCount,InterestRate,OriginationValue,HousingExpenseToIncome,TotalDebtToIncome,B1CreditScore,B2CreditScore
0,7662.690668816448,269288.43648278987,75.91037808922898,1.996472408646889,3.598719252417612,269561.0317222293,25.67031329419548,35.560238463022415,4.677889075075268,4.5165687083315404
1,12804.066918201059,391147.9341454609,75.91164613407469,1.018774088668816,3.541689965067721,391489.06301005615,24.067809461060815,30.097601664090938,4.404943623995522,9.068050701903697
2,8631.121726000842,130178.41689512825,47.41299612492606,1.9683434234541946,2.927889784919256,130274.41495927298,15.685032694456805,21.02802646524055,4.77667878080195,4.762703861217354
3,6859.908179049347,134206.29626702593,71.89749680708526,1.0149039186841904,3.1711608658240005,134321.24544716254,17.385731353076498,21.684618150486813,4.481533733396531,9.053797725032789
4,11263.724985407674,204964.36240013974,76.29204368640166,1.987509932534306,3.125206571358456,205119.05260638258,12.837599119406512,18.580165217465655,4.796928313403412,4.6360215843730455
5,16935.8356485677,430942.1611875789,74.35339640994412,1.9999449947820769,3.4493084405597725,431288.98773099354,18.365808650907407,25.77977978380899,4.571557246675327,4.576872993278085
6,8337.54096815792,180552.48480110939,81.4307148302826,2.0432978017617347,3.608645928387507,180689.4862482868,17.06320623524423,28.51163024145119,3.359564644041307,3.89406555873149
7,4113.178775025353,187907.3853125875,77.64911257959402,0.9949794191693616,3.711737349848255,188114.5894108566,27.034928389498685,35.878822873825236,3.9856999320392057,8.949316913652464
