,MonthlyIncome,UPBatAcquisition,LTVRatio,BorrowerCount,InterestRate,OriginationValue,HousingExpenseToIncome,TotalDebtToIncome,B1CreditScore,B2CreditScore
0,7607.800566001085,266712.7271077011,75.95765722405014,1.9969051940096396,3.6030712032807877,266983.4047011537,25.589715449385963,35.50272953021292,4.671899942742949,4.511878229237963
1,8347.195495276605,178832.5993569496,81.49171866167615,2.042946213327026,3.592232064341275,178966.90464791443,16.895155698112433,28.24531251527928,3.36860679941804,3.8986107446418146
2,6852.746048386412,134114.73249365066,71.83129922741828,1.0149452366672405,3.1703791511619714,134229.6769655103,17.40029029212851,21.69460843645159,4.483585156056495,9.054313245601438
3,4120.35393225076,188016.658859296,77.69376653859038,0.9949009083200803,3.7124939203342167,188223.90331601648,27.02391599792572,35.87159936299888,3.9840239129096857,8.9491402474154
4,16887.637512078494,432837.7639582651,74.41846676029205,2.001268738720917,3.4576174133855115,433187.0564229076,18.610115038981746,26.11363462005427,4.564179028098932,4.567761986445316
5,8607.489367171753,129691.72771949075,47.731967716577955,1.9696170463894183,2.9275721069699987,129787.32515558934,15.664048472529178,21.01284111089055,4.77784651820846,4.756074333758731
6,12825.268261904002,391340.91346511594,75.88169969450048,1.0188376605668643,3.5409117108644197,391682.0339353864,24.040228366784735,30.060381466852498,4.4050526166670005,9.068096769073357
7,11401.861727209467,208100.88948204948,76.17391628320662,1.9866686352552423,3.1252136698329767,208257.88044384675,12.794672446970484,18.496234513278562,4.803673571058252,4.643793838408958
