,MonthlyIncome,UPBatAcquisition,LTVRatio,BorrowerCount,InterestRate,OriginationValue,HousingExpenseToIncome,TotalDebtToIncome,B1CreditScore,B2CreditScore
0,8625.17599521885,130073.01936551885,47.33242294766853,1.9670951359840894,2.928400397192509,130169.04288112214,15.69853910113227,21.039771211832697,4.776960024955198,4.768744424552296
1,8333.176728949496,180491.6177869861,81.43106918580432,2.0432931142731756,3.61043050315402,180628.84612256533,17.068629983437326,28.51809097556444,3.3626399981072197,3.8949181889209012
2,12834.154330473306,391478.648104448,75.89070887711868,1.0188235771124998,3.5406498921357574,391819.7928474328,24.030788760714948,30.0489026222786,4.4044611525607325,9.068066737173659
3,7672.77903558268,269769.1222460781,75.9074061360078,1.99649783928383,3.5980122498302363,270042.0373101595,25.68523565000862,35.57417751397262,4.677744415971066,4.51655365553869
4,6851.521647403988,134121.8268829701,71.98681478965688,1.0147608573358047,3.1723883261193824,134236.7057131398,17.388688452218567,21.700387216170725,4.478321294263807,9.053182558215273
5,16939.133613801663,430774.0833840844,74.35750710925863,2.0005784414231513,3.4489742974556137,431120.70769658906,18.345408086973446,25.756740818059917,4.571745010281475,4.573987698636082
6,4118.659043591429,188426.17844267507,77.6033047206987,0.995098663965555,3.712174166227023,188633.9855910728,27.067450279323303,35.91080854249454,3.9886145071496864,8.949807982504272
7,11253.480460109451,204758.348962266,76.27247657139273,1.9875141542291321,3.1244090069165478,204912.85842152662,12.845253969656177,18.587164170993674,4.796973113047241,4.635965258756594
