,MonthlyIncome,UPBatAcquisition,LTVRatio,BorrowerCount,InterestRate,OriginationValue,HousingExpenseToIncome,TotalDebtToIncome,B1CreditScore,B2CreditScore
0,4113.48390582209,187585.12666479714,77.67313888155148,0.994894664922593,3.711560870090052,187791.9256547007,27.007445492588296,35.851220287210225,3.9834574742907147,8.948979255001554
1,7655.3806244798525,268898.5967954631,75.91273043730872,1.9964983260777684,3.598601846450472,269170.8623715038,25.65596121568441,35.54459965087756,4.677774319995171,4.516317375515348
2,8337.039600163396,180296.21854720035,81.44483148663853,2.043128840025651,3.606278144294352,180432.86313709087,17.041726703702686,28.474682912295723,3.361672498603796,3.8954813733945857
3,8631.04972599625,130130.99544808142,47.54491307770572,1.969239106677286,2.9278534427583676,130226.89359752729,15.667557679433596,21.013208600326067,4.776594862762071,4.7581706652588895
4,11297.504222182464,205810.68213022692,76.28612991405826,1.9873467303691639,3.125440239702851,205966.00472673101,12.830852423284993,18.56603559141961,4.798170173728129,4.637545946137266
5,16940.839569576045,431616.8312540248,74.35866058154787,1.9997890352503573,3.451658187334232,431964.39215817465,18.40732561582916,25.836949359870854,4.570139627031552,4.577202496070196
6,6864.75693370224,134257.3364687591,71.84099151367293,1.0150171609220235,3.1699342288046517,134372.32739800503,17.38428140752935,21.67193140476799,4.4844914849875135,9.05436069411755
7,12788.965712980564,391013.591575207,75.92167329490691,1.0187364217353707,3.5423053069741397,391354.7445173376,24.088908710017158,30.12548183306246,4.405039674158122,9.068059924804981
