,MonthlyIncome,UPBatAcquisition,LTVRatio,BorrowerCount,InterestRate,OriginationValue,HousingExpenseToIncome,TotalDebtToIncome,B1CreditScore,B2CreditScore
0,8336.382110768705,180577.0869893554,81.43063335629695,2.0432291752300227,3.60924010667041,180714.18559313944,17.067857436364253,28.5178132505645,3.360070439763734,3.8945145553162583
1,7668.331485032053,269545.2003873745,75.9102059458007,1.996484717054147,3.5985559514141174,269817.9843456023,25.677727972954663,35.567591508966935,4.67788523755332,4.51658319564408
2,6861.795802307828,134239.68518062567,71.8876078781891,1.0149299793943276,3.170974236406666,134354.66579376668,17.38513232905913,21.68166144214735,4.4822167485682805,9.053927371439356
3,16943.662234510095,430941.400478414,74.34266274006468,1.9997415906370637,3.4486328720448567,431288.1272611815,18.349913628874766,25.757354056639667,4.571634327441367,4.577966084453811
4,8631.566030465054,130200.98542165042,47.41369365097712,1.9684646429088177,2.927754734607823,130296.99049418308,15.685633706479258,21.028619374291182,4.776693475352166,4.762147875741714
5,11258.765276209044,204876.09126309247,76.29493222387099,1.987527688916387,3.12550232953181,205030.7514156405,12.841297627408553,18.58626787171712,4.796834354843503,4.63584317474226
6,12794.453132422377,391081.06064720324,75.92066592567306,1.0187657464300346,3.542061607933923,391422.2298839484,24.082335072880923,30.116061410744468,4.405292596213837,9.068064128942678
7,4112.414135686355,187799.4280401468,77.65266300941882,0.9949525405158326,3.711692514037637,188006.50161758566,27.028048923076643,35.87251432816378,3.9848571481386568,8.949171189783666
