,MonthlyIncome,UPBatAcquisition,LTVRatio,BorrowerCount,InterestRate,OriginationValue,HousingExpenseToIncome,TotalDebtToIncome,B1CreditScore,B2CreditScore
0,7626.982098725971,266977.42514492816,75.97471595963778,1.9965555878630623,3.599425929390149,267248.23385771725,25.56433347272445,35.44100420717704,4.680612252062372,4.516348778485265
1,4120.790306163545,188851.80162963842,77.54048737345236,0.9951912687473319,3.7125059033320316,189060.16750681584,27.101686363070172,35.943180151754014,3.9921663382658665,8.95061799664913
2,6846.000771946543,134069.01185469242,72.10010572508027,1.0146167563719592,3.1735658100262265,134183.79963651588,17.385456108701327,21.709966529542736,4.474586424773119,9.052390794659635
3,8581.120897880712,129406.7515838847,47.11747256300498,1.9651424190560436,2.930213201447277,129502.7055260379,15.765258523886828,21.115700852571464,4.777817750712151,4.778135107936486
4,12880.816344187597,391959.78783344827,75.85773090231068,1.0189596525382483,3.539306211162848,392301.0063267254,23.971045074973567,29.968612544080116,4.40530148229601,9.068281100773453
5,8361.529506506575,180452.11472076565,81.46174905693387,2.043237993115558,3.60271300481493,180588.30966109264,16.998039521265653,28.418233645644715,3.3578201389936675,3.8941118804259447
6,16857.90906763099,430734.17565290997,74.43420264450555,2.0024754783187375,3.4529627540941448,431081.48775069974,18.50873416475957,25.98031730209723,4.568971708985813,4.563200238884667
7,11305.098679769177,204935.1540129902,76.06263148512055,1.9871253418339538,3.1188454091833573,205089.15336138412,12.768098464913765,18.467249031226697,4.7980890186210425,4.639263373835625
