,PC1,PC2,PC3,PC4,PC5,PC6
0,-1.9959678286737648,1.4989363540323277,0.07238006955027107,-0.14148833669440541,-0.017270998779204582,0.08690300152256542
1,0.9674581761163351,-1.3875077474125146,0.0429185705989331,-0.17563771218949595,0.19446116073013528,-0.4252854016698367
2,-1.7626005057190266,-0.44269303863680365,-1.0561896222773874,-0.36198640681575883,0.02574854317004707,-0.018045945210730212
3,0.2691297617729931,-0.5303633654879204,1.7899198598563597,-0.7872330038969846,-0.4075574830584177,0.21553873983396538
4,-0.03145028197599856,-2.0144072912877595,0.1183339363187704,1.2408469501474984,-0.12598732896684003,0.6566837350319328
5,2.9328055855934743,0.852434095717949,-0.3437299440178209,-0.06377521137575935,-0.08113078528831945,0.12529839655797312
6,0.500455617059825,2.139240235033221,-1.5814179202200722,-0.37782853064407435,-0.12125250808274761,0.20484433185142784
7,0.6027688025155591,0.6970451288889198,1.1530048554600858,0.8341926624926529,0.2500417470700472,-0.3677719336023326
