,PC1,PC2,PC3,PC4,PC5,PC6
0,0.583688326548694,0.6702921769626417,1.1558038275874445,0.8291819190256376,0.26013350578333,-0.37441793822703706
1,-1.7726693649322383,-0.42975081683531285,-1.033668318545129,-0.3856563390930733,0.02121608345086683,-0.024012092705158014
2,0.2816371594361084,-0.5183181608624634,1.7927432575547437,-0.7971572853479616,-0.41930018118486795,0.2247147321559629
3,0.9453852109109412,-1.4172975794156928,0.04604889124683397,-0.17025771724383537,0.18731458619109764,-0.4209698411034208
4,-1.9793625663193593,1.5314113993458882,0.0642313729828,-0.10957209117199125,-0.012493149072503667,0.08691690686714602
5,-0.05039588940040717,-2.008996194771723,0.10992210379691449,1.2685011852337902,-0.12715942642592598,0.6879692341538101
6,2.9057704899882064,0.8427821281835016,-0.32163723374582737,-0.05266000253311267,-0.07654041835874122,0.11306021562278878
7,0.5307235131603655,2.1156384826660792,-1.6102113726300114,-0.39729626619717345,-0.12198325017722154,0.21365495881802418
