,PC1,PC2,PC3,PC4,PC5,PC6
0,0.5330926803215172,2.108409787239527,-1.6146045023356763,-0.4005888515157108,-0.12176653178194967,0.2142236808544748
1,2.9157189903559435,0.8376419412740562,-0.32985085731923297,-0.05912739631604695,-0.078238891280007,0.11577076142336423
2,0.9456473534160652,-1.4102206638032944,0.04811775733598292,-0.1678411626413803,0.18926122188655956,-0.4225495355307166
3,-1.9758526004811434,1.5415125387978883,0.06380021896606146,-0.10126673652486488,-0.010232018118364853,0.08745399960666705
4,-1.777146138720218,-0.4250857086585212,-1.0261281855592759,-0.39013288243829763,0.019218149478606415,-0.024803742358746324
5,0.2763524749976219,-0.5213650176346439,1.7921927092675909,-0.7925243472764992,-0.4154324195516883,0.2223387575213537
6,-0.05090937046580297,-2.008099291984133,0.10936585917891647,1.266440292076361,-0.12723843578671012,0.6853347745362133
7,0.5964000683250543,0.6863310826420482,1.1541738234049963,0.8299061411649326,0.25686711881169094,-0.37129126602160356
