,PC1,PC2,PC3,PC4,PC5,PC6
0,0.2742662912629656,-0.4826860359015786,1.8115240499954175,-0.7759551537329477,-0.3967832885052493,0.23297207800313277
1,0.647761053950439,0.7433401486476557,1.1336238655449546,0.8430814355373696,0.23943356079386752,-0.3686097498488646
2,-1.7591419217030315,-0.4407221041935818,-1.054770324131091,-0.3721671651246225,0.02591483427668345,-0.02133512576677834
3,2.9314972930416543,0.7721492186982446,-0.3890840419882591,-0.09276921522149817,-0.07475003778134341,0.12614616191526126
4,-0.035627642380605236,-2.002996071266856,0.11057135263990919,1.2687682960630557,-0.13112925539049058,0.6879242305470303
5,0.9063175714861306,-1.4097328147616375,0.08385802961710846,-0.16506365171994958,0.19183665261337818,-0.4365693935595394
6,0.48589638744664404,2.1469854205864167,-1.5680677481199936,-0.3723149178219547,-0.12020139700480484,0.20057455917148967
7,-2.000567394290933,1.4972981804438668,0.07322774406800965,-0.13399350462231177,-0.017150094273432337,0.08844405253675461
