,PC1,PC2,PC3,PC4,PC5,PC6
0,-0.03363179013184364,-2.0040123995983867,0.11221786494459297,1.2644139870497906,-0.13044082163836507,0.6833048819404669
1,2.9322544259842407,0.7808584575318211,-0.3851853653411972,-0.0903948027426033,-0.07449892725837406,0.1267857809899049
2,0.48615273208507853,2.14649739423041,-1.5684249177193932,-0.3726464240991263,-0.1203386110115903,0.20051932573360234
3,-2.000522722894667,1.4965052529381497,0.07333566011690106,-0.13556675561409204,-0.01733379573478277,0.08864014156462147
4,-1.7592936483515298,-0.4416086953050139,-1.0557378034443312,-0.37011520638173095,0.02610525714549716,-0.02091745843682705
5,0.6430595896877134,0.7382546411324711,1.135164467887092,0.8424246141262728,0.24060045939569635,-0.3690249679348263
6,0.9130925990021755,-1.407214941117077,0.07960827511591864,-0.1667557339814187,0.19181265993912058,-0.4359765390577054
7,0.27374345058277466,-0.48622201683019856,1.8099671414808982,-0.7766491360076196,-0.3980284754364517,0.2314443696784267
