,PC1,PC2,PC3,PC4,PC5,PC6
0,0.6287141293044529,0.715653202683784,1.1381545571050475,0.8344254577406924,0.2492071321851047,-0.37266370898702345
1,-1.993330934037336,1.5094250366552122,0.0687487279993176,-0.12030978216490541,-0.014408606643104479,0.08953553329572826
2,-1.7629381258477492,-0.43561747240929016,-1.0453831949335606,-0.3844503945808203,0.024206463414827257,-0.026144012609129758
3,-0.05426771870953264,-1.9984087068117264,0.11032329232675453,1.2855340715839412,-0.1292917943743239,0.700747392766299
4,0.5041892276310197,2.136788637926926,-1.5842096005180506,-0.38169455461566554,-0.12219872152230006,0.2066229284602863
5,0.27787357471328045,-0.49441604384916393,1.8047297924191326,-0.7830329647677672,-0.40400739615146447,0.2304880707977326
6,2.9212257640871218,0.7911455176468131,-0.3637389209733128,-0.08028647346297299,-0.07510885823395402,0.11985645555090518
7,0.9127464855267018,-1.4246529540519408,0.06853938130474167,-0.16203159037410989,0.185885968738538,-0.4275544641686752
