,PC1,PC2,PC3,PC4,PC5,PC6
0,0.623826002690758,0.7203084478643658,1.148832824162745,0.8323106457906749,0.2464310554883407,-0.36590869652405605
1,0.26854575638649775,-0.5235179455909216,1.7933600334412723,-0.7830387924168818,-0.40287945156423255,0.21738000756737688
2,-1.7612664265339517,-0.4410900157685835,-1.054798223228371,-0.3675511165161133,0.02585284152768613,-0.020346985711616132
3,-1.9982310139858868,1.4993342775402847,0.07316481072345742,-0.13690609341758034,-0.016903071989424878,0.08783138115831769
4,2.933972877255656,0.8198909273518896,-0.3643095325906996,-0.07762128583451579,-0.07888937386007853,0.1262462595546257
5,-0.03869431272098249,-2.0056481622332316,0.11849529248978224,1.2579233425972691,-0.1279482903401452,0.6711081158699462
6,0.49206871165087734,2.1424806879042437,-1.57396193931197,-0.3753325267949548,-0.12122458998078427,0.20357865190929064
7,0.9441114109645636,-1.398234973983348,0.0548521259196716,-0.16723281112493088,0.19276644634644366,-0.4283891790592341
