,PC1,PC2,PC3,PC4,PC5,PC6
0,-2.001622059292124,1.4941595750362462,0.07358045982648755,-0.13723691291419607,-0.0174750940483892,0.08849413184181432
1,0.6424340527410274,0.7370325616326541,1.1354430573383516,0.8416808937853572,0.2408662837113249,-0.3688400474168598
2,0.2731381368794425,-0.48913607511757656,1.80845728047655,-0.7769210756697557,-0.3978680626533261,0.22993430314851085
3,-0.03427502717947961,-2.00435633418705,0.11334387062674676,1.263015988589226,-0.1300490495471861,0.6818343893215603
4,0.917000880559051,-1.4056168267264413,0.07665512758542596,-0.16659507113979716,0.1916689073577334,-0.43524500318156095
5,2.9343524919041437,0.7850302014149915,-0.3851572938019882,-0.09025884255995385,-0.07470664386423902,0.1272237678541975
6,-1.7583796396717775,-0.4424573678092061,-1.05732533044513,-0.36902759738427154,0.026252043784191197,-0.020924650759833005
7,0.4846074748779827,2.1475709905676306,-1.5669320085024239,-0.3718218909354575,-0.12017082549815629,0.2005262529945855
