,PC1,PC2,PC3,PC4,PC5,PC6
0,-1.759276115945745,-0.4416671980950863,-1.055920497616422,-0.3698082012505069,0.026192466808425404,-0.02086200740545879
1,2.9333601312809146,0.7859095089851652,-0.38301070174851143,-0.08917302245178348,-0.07456869084022244,0.12620960524898925
2,0.4865657721654123,2.146210179115019,-1.5687925771799942,-0.372796380033581,-0.1204697706765122,0.20100914222397265
3,0.9174445173530339,-1.4058087935010963,0.07633089511878047,-0.1668422100695865,0.19162729100588888,-0.4350568257140406
4,-2.000647325028923,1.4963096980787602,0.07341018460207059,-0.13582505066852577,-0.017394046000243316,0.08853845343939641
5,0.6405822780088049,0.7356143491494598,1.136089587936425,0.8420899761121445,0.24125854266723754,-0.3688013988364709
6,-0.03422104152749334,-2.004745805995201,0.11299005825907275,1.2627028625219159,-0.12998118675914733,0.6818898912867759
7,0.2735870954859268,-0.4891300812361517,1.8083651479515155,-0.7774596312765313,-0.3984512728668563,0.2301341903522277
