,PC1,PC2,PC3,PC4,PC5,PC6
0,0.6455320361036432,0.7410558825885233,1.1344476342764938,0.8426442770684721,0.2401735407112244,-0.3686271561357169
1,0.48771559507106405,2.1454352070998652,-1.5697794038570663,-0.3736405130513197,-0.12067682983957642,0.2015273879845718
2,-0.036019025217424915,-2.0030245144508765,0.11045732775834441,1.26862108243647,-0.13093504262538092,0.6880723799422525
3,-1.7596826508593693,-0.44045616676913735,-1.053956747464039,-0.3728508771605346,0.025684083510530885,-0.021386181184245647
4,0.9075340055722444,-1.409844937782544,0.0827817289165666,-0.16533667220688147,0.1915200759094078,-0.4364260962179479
5,2.9305972634653177,0.7743622856480481,-0.38676109697874533,-0.09163441811068272,-0.07438376610179832,0.12553855177772688
6,0.274418003118675,-0.4836710001791374,1.8113799928023468,-0.7764248362952537,-0.39770752779093294,0.23295885573883268
7,-1.9997913245462406,1.4985267305930268,0.07277851602978551,-0.13286750543637518,-0.016793227211329576,0.08810639305846155
