,PC1,PC2,PC3,PC4,PC5,PC6
0,0.273460056793495,-0.48563088055998266,1.810343162206994,-0.7763260548908862,-0.39744165164146816,0.23163463319556116
1,-0.03336960527740837,-2.003366913614111,0.11227366692200458,1.26467546048858,-0.13074107921727643,0.6832343976293107
2,-1.758317511876382,-0.44229612899658494,-1.0571152189674233,-0.369396211527714,0.02625554589314553,-0.020853145945074567
3,2.9335250604549152,0.7785212664417126,-0.388426581535613,-0.09175611649670282,-0.07480150806272344,0.12755136279260806
4,0.4841419052367152,2.148058833725823,-1.5664370548541955,-0.37150113585511046,-0.1200399372237562,0.2003999848163851
5,0.9120063814740942,-1.4068926941868012,0.0805886516653508,-0.16666613993525173,0.19203759953672678,-0.43653560005071157
6,0.6457110543854513,0.7404535851687746,1.1343620230359845,0.8419334490383671,0.24019347329082014,-0.3687509208219583
7,-2.0017034553522373,1.4943701258421156,0.07362664702993608,-0.13688756954585524,-0.017544431232297923,0.08832373344467025
