,PC1,PC2,PC3,PC4,PC5,PC6
0,0.5178702028739391,2.128869647118092,-1.5973152441802483,-0.38620807719288575,-0.12273170795166709,0.2098704523454658
1,0.27088250471671177,-0.5435602232800223,1.783341330305451,-0.7929275453013164,-0.4146675607049807,0.2133632118319038
2,-1.9875389842510518,1.5132669267755234,0.06891725477937743,-0.13056930098377184,-0.014888718713776044,0.08696079768755245
3,0.974764151822098,-1.390736857169007,0.03329306554378863,-0.17354128777763736,0.19305047864257305,-0.42165280039137654
4,-1.7674059246688585,-0.437404454411854,-1.0472577558720872,-0.3691026265762343,0.02387274970372681,-0.020124748502990484
5,-0.03946355179536009,-2.0152839622029073,0.11860927570197266,1.244978352189008,-0.12572718632327162,0.6607284491104706
6,2.924310703734618,0.8653136129974224,-0.32575679299437654,-0.052983724710005196,-0.0822862389745863,0.12168899691348457
7,0.5884655239466932,0.6816992687573894,1.1607521533484735,0.8276308001979635,0.2566580683042089,-0.36754033456236535
