,PC1,PC2,PC3,PC4,PC5,PC6
0,0.6345232408092903,0.7329234771384668,1.1415420321575511,0.8414785216335198,0.24177006306096088,-0.3659919311966442
1,2.9347525915477015,0.7980217237219793,-0.3772432751655695,-0.08576920964469759,-0.0758494974877138,0.12749677377442983
2,0.4874462483142761,2.145145209520395,-1.5697602875158712,-0.3734124372591363,-0.1210079019359307,0.2015074878148909
3,-1.759998744428522,-0.44187256918847406,-1.0563658817988184,-0.36690885221317354,0.02599277214865669,-0.02032530666771799
4,-2.000434609059148,1.4959738691195266,0.07385949679397417,-0.13828821011819142,-0.017079109758704476,0.08816970749058871
5,0.27164381271454535,-0.5020494397183646,1.8027572943135852,-0.7796257745457708,-0.3994263939489075,0.22416717314900703
6,-0.033385575392519906,-2.007987380419191,0.11421658543989671,1.2560639340178332,-0.12955798884393485,0.6749255996183994
7,0.9291095886759172,-1.398363151971344,0.06888670658702203,-0.1676401137366648,0.19349608708535126,-0.43422623321507364
