,PC1,PC2,PC3,PC4,PC5,PC6
0,-0.03984490076453446,-2.0018475973497076,0.10832536358321497,1.2719663943113348,-0.13057985828731117,0.6919682209573395
1,0.27360422854038324,-0.48297862089285865,1.811397681237587,-0.7746993617352727,-0.3933519734746044,0.23215039427787224
2,0.4941486048548082,2.1423104817252474,-1.5751848983384424,-0.37705396859865276,-0.12190785295772809,0.20378322614533884
3,0.6496313823346416,0.7452110355766243,1.1328199927002944,0.843716430112967,0.2381856078229994,-0.36868235141176625
4,-1.7616448886294718,-0.4379701657378159,-1.0496552344410282,-0.3777649998427757,0.025071424621416587,-0.023419844324260974
5,2.9313270593060103,0.770281328263229,-0.38645380546161817,-0.09290461057808584,-0.07390433876558096,0.1252819885641501
6,-1.9960334294248208,1.5043496849336477,0.07081289918613028,-0.12721882029571352,-0.015795106326272797,0.08869760534618437
7,0.9048347364891024,-1.4109232153458307,0.08377540117306093,-0.1632936600012488,0.19066613778334823,-0.4365294328180221
